url,username,password
"https://9anime.id/watch/isekai-quartet.1mnm/ep-7","idkac","@4H@fA@SHYwW@W9"
"https://9anime.to/","idkac03@gmail.com","wwQcg2RKeGuj#xT"
"https://www.amazon.com/ap/register","andrewsun71@gmail.com","Pooponastick_1"
"https://www.amazon.com/ap/signin","ayrunner68@gmail.com","123456ay"
"https://www.amazon.com/ap/signin","blueturtle@126.com","123456ay"
"https://na.account.amazon.com/ap/signin","ayrunner68@gmail.com","123456ay"
"http://www.apchineseonline.net/home/Register","Andrew_Sun","poopstick"
"http://www.apchineseonline.net/home/Register","andrewsun71@gmail.com","poopstick"
"http://www.apchineseonline.net/Home/LogOn","longriver1917","123456"
"https://appleid.apple.com/auth/authorize","andrewsun71@gmail.com","tro8AthuswOXe$HuHOMo"
"https://idmsa.apple.com/appleauth/auth/authorize/signin","andrewsun71@gmail.com","tro8AthuswOXe$HuHOMo"
"https://book.appointment-plus.com/d7cbytgy","TingSun","bZHR9FMG7v9s@7m"
"https://artofproblemsolving.com/","Andrew_sun","123456as"
"https://weblogin.asu.edu/password/activation","andrewsun71@gmail.com","4qV4.BFWzxQ*hcR"
"https://weblogin.asu.edu/cas/login","asun21","4qV4.BFWzxQ*hcR"
"https://aternos.org/signup/","guestbot","123456"
"https://aternos.org/go/","hwhelpuser","123456"
"https://aternos.org/signup/","idkac__","123456Ay"
"https://superleague.auth0.com/login","andrewsun71@gmail.com","Pooponastick_1"
"https://www.badlion.net/reset/password/yab7rr8amQpw9zpOXQjXFnp2H","ayrunner68@gmail.com","Pooponastick_1"
"https://client.badlion.net/login","andrewsun71@gmail.com","Pooponastick_1"
"https://pan.baidu.com/","13823755180","tsinghua1984"
"https://apply.berkeley.edu/account/password","andrewsun71@gmail.com","M/k@vVjMB9M#x27"
"https://app.betterimpact.com/Application","Andrew_sun","123456Ay"
"http://portal.bigchalk.com/portalweb/login.do","fusdk12","Fremont2019!"
"https://boysstatecalifornia.org/","5106764969","fzetJ9wZJAheGcq"
"https://www.boysstatecalifornia.org/oss8/users/","andrewsun71@gmail.com","fzetJ9wZJAheGcq"
"https://shib.bu.edu/idp/profile/SAML2/POST-SimpleSign/SSO","andrewsun71@gmail.com","-9$UD@wZLhfc?$x"
"https://weblogin.bu.edu/buweb/register","Sun","-9$UD@wZLhfc?$x"
"https://its-services.case.edu/my-case-identity/activate/index.cgi","andrewsun71@gmail.com","&ULs.8a6Ab4kQu8fadsfwe"
"https://login.case.edu/cas/login","axs2702","&ULs.8a6Ab4kQu8fadsfwe"
"https://account.cccmypath.org/auth/realms/OpenCCC/login-actions/authenticate","andrewsun71@gmail.com","kJET7Q#A%pmKBVu"
"https://www.cinemark.com/Membership/Register","andrewsun71@gmail.com","!j8x2L44@shXv7U"
"https://www.classmarker.com/","andrewsunqxf","12345@AP"
"https://register.cleargalaxy.com/qixgc/en/","idkac03@gmail.com","N8!?GPGf.sSSQpH"
"https://clever.com/oauth/sis/login","andsun628@fusdk12.net","Welcome!"
"https://www.collegeboard.org/","ANDREWSUN71","Pooponastick_1"
"https://www.collegeboard.org/","andrewsun71","Pooponastick_1"
"https://account.collegeboard.org/login/login","ANDREWSUN71","Pooponastick_1"
"https://account.collegeboard.org/login/login","andrewsun71","Pooponastick_1"
"https://ap.collegeboard.org/","ANDREWSUN71","Pooponastick_1"
"https://apstudents.collegeboard.org/","ANDREWSUN71","Pooponastick_1"
"https://cbaccount.collegeboard.org/iamweb/verifyEmailCode","cringe","Pooponastick_1"
"https://collegereadiness.collegeboard.org/sat","ANDREWSUN71","Pooponastick_1"
"https://prod.idp.collegeboard.org/","andrewsun71","Pooponastick_1"
"https://prod.idp.collegeboard.org/signin","andrewsun71@gmail.com","Pooponastick_1"
"https://prod.idp.collegeboard.org/signin/verify/okta/password","cringe","Pooponastick_1"
"https://myap.collegeboard.org/login","ANDREWSUN71","Pooponastick_1"
"https://myap.collegeboard.org/login","andrewsun71","Pooponastick_1"
"https://mysat.collegeboard.org/login","ANDREWSUN71","Pooponastick_1"
"https://pps.collegeboard.org/","94539","4400664196587431"
"https://satsuite.collegeboard.org/","ANDREWSUN71","Pooponastick_1"
"https://studentscores.collegeboard.org/home","ANDREWSUN71","Pooponastick_1"
"https://applyweb.collegenet.com/account/new/create","andrewsun71@gmail.com","b#wra5r#rasW!nuphe8-"
"https://shibboleth-idp.collegenet.com/idp/profile/SAML2/Redirect/SSO","andrewsun71@gmail.com","b#wra5r#rasW!nuphe8-"
"https://apply.commonapp.org/login","andrew_sun","_8JxSUydzxGA476"
"https://apply.commonapp.org/createaccount","andrewsun71@gmail.com","LhNa8uJ4EXBxt_!"
"https://apply.commonapp.org/createaccount","quether628@gmail.com","h9wsR7hcEc7:9xZ"
"https://appsupport.commonapp.org/applicantsupport/login","andrewsun71@gmail.com","LhNa8uJ4EXBxt_!"
"https://apply.transfer.commonapp.org/applicant-ux/","andrew_sun","_8JxSUydzxGA476"
"https://engage.admissions.cornell.edu/account/password","andrewsun71@gmail.com","MF@8#WzXkQzdJNh"
"https://games.crucial.com/login","andrewsun71@gmail.com","Pooponastick_1"
"https://www.crunchyroll.com/login","andrewsun71@gmail.com","123456ay"
"https://www.cys.org/private/login.html","2021windsym","2021cys"
"https://www.cys.org/","2022windsym","2022cys"
"https://www.decaplus.org/login","bliu@fusdk12.net","marketing!65"
"https://judgepro.decaregistration.com/org/jpca-sv/conf/jpca-sv/student","1030078","msjDECA1"
"https://judgepro.decaregistration.com/org/jpca-scdc/conf/cadecascdc/student","1340080","msjDECA2"
"https://www.deltamath.com/","Andrewsun","123456ay"
"https://www.desmos.com/","bliu@fusdk12.net","#herewego246!"
"https://teacher.desmos.com/","bliu@fusdk12.net","#herewego246!"
"https://discord.com/login","idkac03@gmail.com","Pooponastick_1"
"https://discord.com/login","quether628@gmail.com","Pooponastick_1"
"https://discordapp.com/activity","Andrew Sun","123456ay"
"https://discordapp.com/login","andrewsun71@gmail.com","123456ay"
"https://discordapp.com/channels/@me/613782202848772169","idkac","123456ay"
"https://signin.ea.com/p/web2/resetPassword","andrewsun71@gmail.com","Pooponastick1"
"https://school.eb.com/","fremont","student"
"http://search.ebscohost.com/login.aspx","fusdk12","Fremont2019!"
"https://app.eliteprep.com/account/login/","andrewsun71@gmail.com","123456ay"
"https://admission.emory.edu/account/password","andrewsun71@gmail.com","_7v2#Yaf_?%7TU7"
"https://app.empowerly.com/login","andrewsun71@gmail.com","Pooponastick_1"
"https://brownuniversity.force.com/PCPortal/_ui/system/security/ChangePassword","andrewsun71@gmail.com","Pooponastick_1"
"https://mysummerdiscovery.force.com/wharton/TX_CommunitiesSelfRegWharton","andrewsun71@gmail.com","Pooponastick_1"
"https://fs12.formsite.com/cysforms/q9baict9l9/form_login.html","Andrew Sun","auditions"
"https://fs12.formsite.com/cysforms/xarmtxnkco/form_login.html","andrewsun","Pooponastick_1"
"https://fs12.formsite.com/cysforms/yypk4lxx2o/form_login.html","andrewsun71@gmail.com","12796128"
"https://gassend.net/","cys","2020CyS"
"https://login.getsling.com/","","UkUZp7.dMRBURP/"
"https://github.com/signup","idkac","wYPiXw84Csd4Rb@"
"https://disneyworld.disney.go.com/login/","blueturtle@126.com","123456ay"
"https://cdn.registerdisney.go.com/v2/ESPN-ONESITE.WEB-PROD/en-US","fatduckpp@gmail.com","pooponastick1"
"https://accounts.google.com/signin/v1/lookup","andsun628@fusdk12.net","quiettime52"
"https://accounts.google.com/signin/v2/challenge/pwd","ashleysun2010@gmail.com","123456Ay"
"https://accounts.google.com/ServiceLogin","ayrunner68@gmail.com","123456Ay"
"https://accounts.google.com/signup/v2/webcreateaccount","botaaaa1","123456Ay"
"https://accounts.google.com/signin/v2/challenge/pwd","idkacsteamacc@gmail.com","22?UpH=driS@up"
"https://apply.college.harvard.edu/account/password","andrewsun71@gmail.com","26fq?/EmfGQ#H_3"
"https://app.houseparty.com/login","Andrew_sun","123456ay"
"https://app.houseparty.com/login","Andrewsun","123456ay"
"https://www.hoyolab.com/genshin/","andrewsun71@gmail.com","Pooponastick1"
"https://my.hrw.com/index.jsp","mrkurtz27","#1student"
"https://hypixel.net/login/login","andrewsun71@gmail.com","123456ay"
"https://myillini.illinois.edu/IdentityManagement/Login","andrewsun71@gmail.com","Lc@6RmZjEQ$_w_g"
"https://whartongy.inkwellstores.com/createaccount","andrewsun71@gmail.com","123456Ay"
"https://www.instagram.com/","andrewsun71","123456ay"
"https://whartononline.instructure.com/login/canvas","andrewsun71@gmail.com","Pooponastick_1"
"https://www.ixl.com/","asun@chadbourne","as628"
"https://admissions.jhu.edu/account/password","andrewsun71@gmail.com","bWx5x5J@WX6?jA@"
"https://white-stag-monterey.jumbula.com/Login","ting_sun@yahoo.com","Tsinghua1984!"
"https://create.kahoot.it/auth/login","kuei10","kuei10"
"https://www.kingdomofloathing.com/login.php","idkac","123456ay"
"https://krunker.io/","IDKAC","123456ay"
"https://krunker.io/","idkac","123456ay"
"https://www.linkedin.com/authwall","andrewsun71@gmail.com","Pooponastick_1"
"https://account.live.com/ResetPassword.aspx","","47HsA+a#mpZke7-"
"https://account.live.com/ResetPassword.aspx","andrewsun71@gmail.com","47HsA+a#mpZke7-"
"https://login.live.com/login.srf","andrewsun71@gmail.com","47HsA+a#mpZke7-"
"https://login.live.com/login.srf","ayrunner68@gmail.com","1Pooponastick"
"https://ludwig.social/component-instance/4e8899d0-6d27-11ec-88da-c92b950649ef","andrewsun71@gmail.com","Pooponastick_1"
"https://mangadex.org/search","idkac","123456ay"
"https://mangarock.com/account/login","","123456ay"
"https://auth.miami.edu/adfs/ls/","axs8986","U*4ZG2NteZpVYH*"
"https://caneidhelp.miami.edu/caneid/expiredpassword","","U*4ZG2NteZpVYH*"
"https://passwordreset.microsoftonline.com/","","dQP~8_8*FmJPvR/"
"https://passwordreset.microsoftonline.com/","ohlone","=hA6C8QDi)ri3?U"
"https://genshin.mihoyo.com/en/gift","andrewsun71@gmail.com","Pooponastick1"
"https://webstatic-sea.mihoyo.com/ys/event/e20210713warm/index.html","andrewsun71@gmail.com","Pooponastick1"
"https://www.minecraft.net/en-us/login","ayrunner68@gmail.com","Pooponastick_1"
"https://my.minecraft.net/en-us/login/","ayrunner68@gmail.com","Pooponastick_1"
"https://apply.mitadmissions.org/account/login","","705819666"
"https://apply.mitadmissions.org/account/password","andrewsun71@gmail.com","k!_ZqsL6e7vf*fW"
"https://apply.mitadmissions.org/account/login","andsun628@fusdk12.net","k!_ZqsL6e7vf*fW"
"https://my-ebooks.club/sl-S1B8Q-D7256/signup-ramble/","idkac03@gmail.com","vWwVhE!f5bYz4wz"
"https://www.mycaliforniapermit.com/online-drivers-permit-enroll/","andrewsun71@gmail.com","E96YeBQEs7yF!Wu"
"https://osa.nationalmerit.org/profile/manage-profile.html","andrewsun","wAC#8M-sewy!HMi"
"https://www.newgrounds.com/","Idkac","Pooponastick_1"
"https://aetherionart.newgrounds.com/passport/mode/iframe","idkac03@gmail.com","Pooponastick_1"
"https://www2.training.nih.gov/apps/publicforms/sip/forms/accActivate.aspx","94539","Pooponastick_1"
"https://www2.training.nih.gov/apps/publicforms/sip/forms/login.aspx","andrewsun71@gmail.com","Pooponastick_1"
"https://apply.northeastern.edu/account/password","andrewsun71@gmail.com","84qWmG!nvBf3!uC"
"https://ugadmission.northwestern.edu/account/password","andrewsun71@gmail.com","9tUQdSrXV!$t8A."
"https://portal.nslcleaders.org/register/create-account","Andrewsun71","Pooponastick_1"
"https://shibboleth.nyu.edu/idp/profile/SAML2/Redirect/SSO","as18213","AhfQ38!zF^,=X/K"
"https://start.nyu.edu/pwm/public/changepassword","","AhfQ38!zF^,=X/K"
"https://fs.ohlone.edu/adfs/ls/","asun14@student.ohlone.edu","=hA6C8QDi)ri3?U"
"https://login.ohlone.edu/idp/profile/SAML2/Redirect/SSO;jsessionid=19rtb2svrc0hq10irr4ezd1c3u","asun14","=hA6C8QDi)ri3?U"
"https://www.opencccapply.net/uPortal/f/u67l1s1000/p/CCCApply.u67l1n1100/max/render.uP","","602555109"
"https://www.parchment.com/u/registration/32705/institution","andrewsun71@gmail.com","Pooponastick_1"
"https://www.parchment.com/u/registration/individual","andsun628@fusdk12.net","%bN4W4h?7BQFHPb"
"https://www.paypal.com/","","Pooponastick1"
"https://www.pearson.com/en-us.html","andrewsun71@gmail.com","i58MD4Z83Cn.BdC"
"https://login.pearson.com/v1/piapi/piui/signup","andrewsun71@gmail.com","i58MD4Z83Cn.BdC"
"https://www.positivephysics.org/","andrewsun","123456ay"
"https://www.proguides.com/register","andrewsun71@gmail.com","123456ay"
"https://explore.proquest.com/login","fusdk12","Fremont2019!"
"https://quizlet.com/145303451/match","andrewsun71@gmail.com","123456ay"
"https://tfas.radiusbycampusmgmt.com/ssc/j_spring_security_check","andrewsun","Pooponastick_1"
"https://tfas.radiusbycampusmgmt.com/ssc/aform/M0868KB07021x6700kEKB3.ssc","andrewsun71@gmail.com","Pooponastick_1"
"https://www.reddit.com/avatar/claim","","PdY5WQ2F*ubpmiD"
"https://www.reddit.com/login/","No_descriptions","123456Ay"
"https://riceadmission.rice.edu/account/password","andrewsun71@gmail.com","JwwAVZV-N?ET_R2"
"https://auth.riotgames.com/login","idkac","1Pooponastick"
"https://authenticate.riotgames.com/","idkac","1Pooponastick"
"https://na.recovery.riotgames.com/en/forgot-password/eyJzdWIiOiI4M2FhOTY5Ny1hN2RlLTVlMzUtYWMyNi1hMDM0YzdkY2YxZTQiLCJyZWdpb24iOiJOQTEiLCJpbml0aWF0b3IiOiJQTEFZRVIiLCJleHAiOjE1NjEwOTA5NDIsImlhdCI6MTU2MTAwNDU0Mn0.oRE19MMx9d37a664DhWii0smB76nEyJQStWxcNMhHRA","","55628A_y"
"https://na.recovery.riotgames.com/en/forgot-password/eyJzdWIiOiI4M2FhOTY5Ny1hN2RlLTVlMzUtYWMyNi1hMDM0YzdkY2YxZTQiLCJyZWdpb24iOiJOQTEiLCJpbml0aWF0b3IiOiJQTEFZRVIiLCJleHAiOjE1NjU0NjU4NjgsImlhdCI6MTU2NTM3OTQ2OH0.LInKMC1k2JX4yEwYoesXwvzqpPCvmnrmu602DX17alQ","idkac","1Pooponastick"
"https://www.roblox.com/account/signupredir","IDKAOC","123456ay"
"https://www.roblox.com/NewLogin","andrewsun71@gmail.com","123456ay"
"https://hjh-fusd-ca.schoolloop.com/portal/login","andrewsun","123456ay"
"https://mission-fusd-ca.schoolloop.com/portal/register_student","andrewsun","123456ay"
"https://app.scoir.com/register/student/signup/app/eyJhbGciOiJIUzI1NiIsInR5cCI6IkpXVCJ9.eyJFbWFpbCI6ImFuZHJld3N1bjcxQGdtYWlsLmNvbSIsIlNvdXJjZSI6IkNvYWxpdGlvbiIsIlN0dWRlbnRUeXBlIjoiRmlyc3RZZWFyIiwiZXhwIjoxNjYyMTU1OTczLCJqdGkiOiI2MmY2Y2Q0NWFjNmQxMDAwMDExOWQxOWQifQ.R13UL9zfHkaclWmglOJciXV2ZjbVtgBJKipMmh8kzcc","2023","uWpTAw4jSYS!c2y"
"https://selfservice.ohlone.edu:8443/Student/Account/Login","asun14","=hA6C8QDi)ri3?U"
"https://simr.slideroom.com/","andrewsun71@gmail.com","Pooponastick_1"
"https://wustladmissions.slideroom.com/","andrewsun71@gmail.com","Pooponastick_1"
"https://smallpdf.com/","andrewsun71@gmail.com","123456Ay"
"https://raise.snap.app/auth","andrewsun71@gmail.com","xvdNgDtMd6s!PYR"
"https://raise.snap.app/auth","andsun628@fusdk12.net","xvdNgDtMd6s!PYR"
"https://stanz.vip/stanz-pass","andrewsun71@gmail.com","Pooponastick_1"
"https://steamcommunity.com/login/home/","idkacbruh","22?UpH=driS@up"
"https://help.steampowered.com/en/login/","fff_14","KhN+WX:$k#(iM5z"
"https://help.steampowered.com/en/login/","fff_6","Pooponastick_1"
"https://help.steampowered.com/en/login/","wja28","Pooponastick_1"
"https://store.steampowered.com/login/","fff_14","KhN+WX:$k#(iM5z"
"https://store.steampowered.com/join/completesignup","idkacbruh","22?UpH=driS@up"
"https://www.stockmarketgame.org/login.html","CSF_58_ZZ643","menofmissionboulevar"
"https://studentaid.gov/fsa-id/create-account/two-step-verification","","55628"
"https://studentaid.gov/fsa-id/create-account/account-info","andrewsun71@gmail.com","u+M-8JKBUTKjM?%"
"https://tankionline.com/play/","andrewsun71@gmail.com","123456ay"
"https://tapple.world/login/login","idkac","Pooponastick1"
"https://user.totalregistration.net/student/login.php","andrewsun71@gmail.com","123456ay"
"https://trackwrangler.com/","cys","2020CyS"
"https://www.turnitin.com/login_page.asp","andrewsun71@gmail.com","123456ay"
"https://www.twitch.tv/","idkac","123456ay"
"https://www.twitch.tv/cleokitty","idkac_1","Pooponastick_13"
"https://passport.twitch.tv/password_resets/0h7gz22w9iyevobvy0cc2fe8ekhrkb/edit","","123456ay"
"https://mobile.twitter.com/login","andrewsun71@gmail.com","123456Ay"
"https://twitter.com/i/flow/signup","idkac1","123456ay"
"https://play.typeracer.com/","idkac","123456ay"
"https://cas.ucdavis.edu/cas/login","andsun62","Pooponastick_1"
"https://computingaccounts.ucdavis.edu/cgi-bin/newaccount/index.cgi","Omori","7qw$C@VyPkNmF&#"
"https://computingaccounts.ucdavis.edu/cgi-bin/services/index.cgi","andsun62","Pooponastick_1"
"https://cosmos-ucop.ucdavis.edu/app/main/","ting_sun@yahoo.com","123456ay"
"https://login.uci.edu/ucinetid/webauth","asun11","##mxFKXW8gVgxtA"
"https://ucinetid.service.uci.edu/activate/cgi-bin/applicant","43971513","##mxFKXW8gVgxtA"
"https://bruins.admission.ucla.edu/myApplication/Login.aspx","Sun","ShenZhen"
"https://idm.ucmerced.edu/claim","","2Fwv77ZjJfLm.xD"
"https://idm.ucmerced.edu/claim","asun44","2Fwv77ZjJfLm.xD!"
"https://shib.ucmerced.edu/idp/profile/SAML2/POST/SSO","asun44","2Fwv77ZjJfLm.xD!"
"https://admissions.sa.ucsb.edu/applicantportal/Auth/Login","A0A1M47","ZA%Cc5@-Swr@FWg"
"https://cruzid.ucsc.edu/idmuser_self_service","",".MeF!f4%?ExZXc9"
"https://cruzid.ucsc.edu/secure/idmuser_password","asun35","Pooponastick_1"
"https://login.ucsc.edu/idp/profile/SAML2/Redirect/SSO","asun35","Pooponastick_1"
"https://beatriton.ucsd.edu/account/login","andrewsun71@gmail.com","qOb3Klc6@drl=Iswu*-7"
"https://www.udemy.com/","ayrunner68@gmail.com","123456ay"
"https://lsa-math-mmss.miserver.it.umich.edu/users/sign_up","andrewsun71@gmail.com","Pooponastick_1"
"https://login.umn.edu/idp/profile/SAML2/Redirect/SSO","SUN00773","@5Fpr?a5rZ?KJB.A"
"https://my-account.umn.edu/claim-acct","SUN00773","@5Fpr?a5rZ?KJB.A"
"https://apply.universityofcalifornia.edu/my-application/login","andrewsun71@gmail.com","EGq3EpH+8j9+^/C"
"https://login.interactive.wharton.upenn.edu/u/signup","andrewsun71@gmail.com","Pooponastick_1"
"https://whartononline.upenn.edu/register/cXDTI2vTMBnHz9ZvQYewY3F7Z","andrewsun71@gmail.com","Pooponastick_1"
"https://www.usabo-trc.org/usa-biolympiad","1220166230","Pooponastick_1"
"https://www.usabo-trc.org/student/register","andrewsun71@gmail.com","Pooponastick_1"
"https://applyto.usc.edu/","andrewsun71@gmail.com","wiRQ*KG#$qSb?!3"
"https://reg.usps.com/entreg/RegistrationAction_input","Andrew55628","6K#E#ecd.ugCLC+"
"https://identity.uw.edu/new/newapplicant/create","asun27","R$47u8kyiRWyDUt"
"https://myappvu.vanderbilt.edu/account/password","andrewsun71@gmail.com","&4x9$AyuzU5BCnN"
"https://www.viacharacter.org/survey/account/register","andrewsun71@gmail.com","123456ay"
"https://na.wargaming.net/id/signin/","","e_S4Ay56LFGsav_"
"https://warscrap.io/","idkac","Pooponastick_!"
"https://idp.u.washington.edu/idp/profile/SAML2/Redirect/SSO","asun27","R$47u8kyiRWyDUt"
"https://meetingsamer36.webex.com/mw3300/mywebex/changePassword.do","","123456Ay"
"https://signin.webex.com/signin","andrewsun71@gmail.com","123456Ay"
"https://login.wisc.edu/idp/profile/SAML2/Redirect/SSO","asun49","J@s.RebC68_9zw9"
"https://mynetid.wisc.edu/activate","ting_sun@yahoo.com","J@s.RebC68_9zw9"
"https://app.writesonic.com/signup","andrewsun71@gmail.com","BM2y2MyjX57un@Y"
"https://app.writesonic.com/signup","idkac03@gmail.com","DF@FY2mw9PiQDeP"
"https://pathway.wustl.edu/account/password","andrewsun71@gmail.com",".#C2CBXL&#_ar2g"
"https://login.yahoo.com/account/challenge/password","andrewsun71@gmail.com","123456Ay"
"https://zoom.us/signin","andrewsun71@gmail.com","123456Ay"
"https://us04web.zoom.us/signin","andrewsun71@gmail.com","123456Ay"
"https://my.hrw.com/index.jsp","mrkurtz27 ","#1student"
"https://speedo.newgrounds.com/","Idkac","Pooponastick_1"
"https://shb.ais.ucla.edu/shibboleth-idp/profile/SAML2/Redirect/SSO","andrewsun1","m.C3yesyM#gk9TX"
"https://my-account.umn.edu/claim-acct","SUN00773 ","@5Fpr?a5rZ?KJB.A"
"https://canvas.instructure.com/register","andrew_sun","quiettime52"
"https://auth.opera.com/account/password-reset/set-password","andrewsun71@gmail.com","p4JDHrwN%taL/&."
"https://accounts.iam.ucla.edu/register","andrewsun1","m.C3yesyM#gk9TX"
"https://bruins.admission.ucla.edu/","andrewsun1","ShenZhen"
"https://discord.com/login","andrewsun71@gmail.com","Pooponastick_1"
"https://discord.com/channels/@me","jproctor065@gmail.com","Pooponastick_1"
"https://turnitin.com/login_page.asp","andrewsun71@gmail.com","123456ay"
"https://hsg.hhs.ucla.edu/StarRezPortalX/Login","andrewsun1","m.C3yesyM#gk9TX"
"https://login.umn.edu/idp/profile/SAML2/Redirect/SSO","SUN00773 ","@5Fpr?a5rZ?KJB.A"
"https://www.dmv.ca.gov/portal/mydmv","andrewsun71@gmail.com","PWMpZ)MDP8@J*7L"
"https://steamcommunity.com/openid/login","fff_14","KhN+WX:$k#(iM5z"
"https://mobile.twitter.com/","idkac1","123456ay"
"https://twitter.com/i/flow/login","andrewsun71@gmail.com","123456Ay"
"https://accounts.iam.ucla.edu/register","idkac","m.C3yesyM#gk9TX"
"https://www.focusboosterapp.com/sign-up","idkac","yBF.G2*FRLuLhpm"
"https://shib.service.uci.edu/idp/profile/SAML2/Redirect/SSO;jsessionid=4327E8E8E40D5DBDB44ED11BD144D7D3","asun11","##mxFKXW8gVgxtA"
"https://apply.universityofcalifornia.edu/my-application/login","idkac03@gmail.com","4gj&7hW7mqHn5wB"
"https://accounts.iam.ucla.edu/register","andrewsun","m.C3yesyM#gk9TX"
"https://bruinday.ucla.edu/freshmen/begin","andrewsun71@gmail.com","UrH5xRn9fFcimXf"
"https://www.boysstatecalifornia.org/oss8/users/","5106764969","fzetJ9wZJAheGcq"
"https://steamcommunity.com/login/home/","quether628","Pooponastick_1"
"https://store.steampowered.com/join/completesignup","quether628","Pooponastick_1"
"https://facebook.com/","andrewsun71@gmail.com","st*R&8hoz9swl7ROp?5s"
"https://www.usbank.com/index.html/","asun0418","b6ithA0wupro6R4cich3"
"https://google.com/","ajson2486@gmail.com","q123456p"
"https://google.com/","andrew@convergelab.ai","sW91uyejahuyEt5ubom-"
"https://accounts.google.com/ServiceLogin/","andrewsun71@gmail.com",";'%ZL2e4%vPu.(W\%WE"
"https://google.com/","quether628@gmail.com","uEG<Zy5!vJa.-MBb2>t?=}"
"https://github.com/","andrew@convergelab.ai","Quether628"
"https://accounts.google.com/signin/v2/challenge/pwd/","idkac03@gmail.com","GB?fo/=iF&>6A"+"
"https://nvidia.com/","andrsun@nvidia.com","nvpass628!@#"
